,Train mean,Train std,Train min,Train 25%,Train median,Train 75%,Train max,Train pearson mean,Train p mean,Train hausdorff mean,Train mIoU mean,Train AUC-ROC mean,Train AUC-PR mean,Valid mean,Valid std,Valid min,Valid 25%,Valid median,Valid 75%,Valid max,Valid pearson mean,Valid p mean,Valid hausdorff mean,Valid mIoU mean,Valid AUC-ROC mean,Valid AUC-PR mean,Trainable Params
0,0.7959952405941313,0.18615137620876576,0.0,0.7559931724121671,0.8695352957249087,0.9171992043373529,0.9736259311455608,0.8073829819065917,0.0,5.64594410513705,0.8377982755313204,0.9129899778218021,0.701865929540327,0.7069548714120626,0.17732341947384908,0.02097773415935717,0.6481332907199988,0.7477946120433493,0.8239611998331646,0.9096183065518672,0.7122856266054063,2.850713919894932e-76,6.202366773203114,0.7733100313279364,0.903049072181737,0.5625658187739275,96074899
1,0.7969705803567673,0.1991918413151673,0.0,0.7778288640052394,0.8659972101759938,0.9137713811680797,0.9752704253765088,0.8120582713059084,1.3770429827082706e-12,5.692286967333634,0.8394991512539165,0.9215034112503199,0.7089794414778939,0.7080093896717429,0.22415353305449373,0.0,0.6570185203926728,0.7926299565643828,0.8574228959749085,0.9213057581609884,0.7350464189486718,0.0,6.085069097694674,0.782117163980162,0.8763788303771576,0.5906936095229217,96074899
2,0.7467436688059997,0.26491597494944913,0.0,0.732681043322386,0.8537329311948685,0.9068583562064092,0.9719271089847324,0.807421168897668,4.5205715476342075e-09,5.616473591883628,0.817129268549584,0.8758304311670698,0.6600714463795964,0.6514076590935641,0.22873181341093088,0.0,0.5553383831056833,0.7278676290926861,0.8080850975825191,0.9249020230907744,0.6858189460956543,0.003383795388071552,6.98000541201361,0.7444392625362642,0.8001519696366403,0.5419518651055192,96074899
