,Train mean,Train std,Train min,Train 25%,Train median,Train 75%,Train max,Train pearson mean,Train p mean,Train hausdorff mean,Train mIoU mean,Train AUC-ROC mean,Train AUC-PR mean,Valid mean,Valid std,Valid min,Valid 25%,Valid median,Valid 75%,Valid max,Valid pearson mean,Valid p mean,Valid hausdorff mean,Valid mIoU mean,Valid AUC-ROC mean,Valid AUC-PR mean,Trainable Params
0,0.8165761947633138,0.15064620176029606,0.0,0.7811606625728732,0.8722824223516412,0.9160138961978384,0.9679976096494676,0.8994026182970453,0.0,6.002985685357334,0.8019777450195887,0.95449438521164,0.8058239628909054,0.7194912653824533,0.17837263203341788,0.02930655675194741,0.6762367726719436,0.7687483273194031,0.8363289518725893,0.9140724873026294,0.8290709710404102,0.0,7.086293033272399,0.7163464633954896,0.9447527765123932,0.7078212211943335,96074899
1,0.8187179588101865,0.17660581301594358,0.0,0.8030631960514879,0.8784723798671003,0.9171511792023552,0.9736842105263158,0.8840846979783007,6.54359870247307e-08,6.356319268476434,0.8160562843354651,0.9398205136428345,0.7932144738450781,0.7016384233652566,0.2213361793581438,0.0,0.6424392193916488,0.7824754721428361,0.8493378736284525,0.9200207289687338,0.7985940385077954,0.0,7.387413194273331,0.6908682398981862,0.8966851776296442,0.6873459503441662,96074899
2,0.7944404230354548,0.21168662501970079,0.0,0.7888212998754447,0.8741127490996241,0.9136801776187491,0.9697376367174394,0.9011584266692894,0.0,6.128087017889615,0.8034456218255532,0.9252617132771123,0.7821899829133674,0.6326931763507092,0.22582205515068568,0.0,0.5421882465871903,0.6964138229997483,0.7928380907293262,0.9308197618721774,0.7846033196675274,1.3416344416642048e-68,8.480180638833632,0.6363843555251757,0.8741674820582072,0.6886855339811694,96074899
