,Train mean,Train std,Train min,Train 25%,Train median,Train 75%,Train max,Train pearson mean,Train p mean,Train hausdorff mean,Train mIoU mean,Train AUC-ROC mean,Train AUC-PR mean,Valid mean,Valid std,Valid min,Valid 25%,Valid median,Valid 75%,Valid max,Valid pearson mean,Valid p mean,Valid hausdorff mean,Valid mIoU mean,Valid AUC-ROC mean,Valid AUC-PR mean,Trainable Params
0,0.8299446536672679,0.14553483811742207,0.0,0.7877715837621497,0.8774580077380627,0.9229221807601455,0.9762241441678452,0.8452155625209553,2.8002768328055512e-232,3.3539206835454975,0.8625236263179961,0.9695213447807709,0.7303854317365377,0.7179722903087303,0.2313734414987748,0.0,0.6506160396647214,0.7978091458873464,0.8813963039520876,0.9430736351272586,0.7346069445623329,0.014328139478125711,4.4295347932073685,0.7960562040960347,0.8928205083917689,0.5989619954518814,96074899
1,0.8467670284834079,0.20509793711480662,0.0,0.8541874940779451,0.9216134617559796,0.9489774166100856,0.9839201695879219,0.8746887763950368,0.002561868729163367,3.4633644935327057,0.8829212668936809,0.9170228057505052,0.7788242307915916,0.6279614955967526,0.2749229785954991,0.0,0.5026490066225165,0.7142857142857143,0.8432068772192114,0.9375821287779238,0.6918416087119829,1.774957806166755e-140,4.321315816439083,0.7509954540760486,0.8128261720979368,0.5115836576842885,96074899
2,0.8517988473914502,0.19408127384495,0.0,0.8582732270535779,0.9124741678058641,0.9426564162074665,0.9781669585522476,0.8872373466995193,0.0,3.3821062477999657,0.8856499487269032,0.9509017369983432,0.7760238629473827,0.5445805395946647,0.2776837306212063,0.0,0.3613652833071213,0.6051346485596858,0.7749956549905871,0.9549180327868853,0.6234582850461305,0.003950949032820009,4.8072238529733315,0.7017202140182577,0.8831891414298806,0.42082668526063083,96074899
